[{"country":"Afghanistan","continent":"AS","total_pure_alcohol":"0.0 Litres","servings":"[beer:0, spirit:0, wine:0]"},{"country":"Albania","continent":"EU","total_pure_alcohol":"4.9 Litres","servings":"[beer:89, spirit:132, wine:54]"},{"country":"Algeria","continent":"AF","total_pure_alcohol":"0.7 Litres","servings":"[beer:25, spirit:0, wine:14]"},{"country":"Andorra","continent":"EU","total_pure_alcohol":"12.4 Litres","servings":"[beer:245, spirit:138, wine:312]"},{"country":"Angola","continent":"AF","total_pure_alcohol":"5.9 Litres","servings":"[beer:217, spirit:57, wine:45]"},{"country":"Antigua & Barbuda","continent":null,"total_pure_alcohol":"4.9 Litres","servings":"[beer:102, spirit:128, wine:45]"},{"country":"Argentina","continent":"SA","total_pure_alcohol":"8.3 Litres","servings":"[beer:193, spirit:25, wine:221]"},{"country":"Armenia","continent":"EU","total_pure_alcohol":"3.8 Litres","servings":"[beer:21, spirit:179, wine:11]"},{"country":"Australia","continent":"OC","total_pure_alcohol":"10.4 Litres","servings":"[beer:261, spirit:72, wine:212]"},{"country":"Austria","continent":"EU","total_pure_alcohol":"9.7 Litres","servings":"[beer:279, spirit:75, wine:191]"},{"country":"Azerbaijan","continent":"EU","total_pure_alcohol":"1.3 Litres","servings":"[beer:21, spirit:46, wine:5]"},{"country":"Bahamas","continent":null,"total_pure_alcohol":"6.3 Litres","servings":"[beer:122, spirit:176, wine:51]"},{"country":"Bahrain","continent":"AS","total_pure_alcohol":"2.0 Litres","servings":"[beer:42, spirit:63, wine:7]"},{"country":"Bangladesh","continent":"AS","total_pure_alcohol":"0.0 Litres","servings":"[beer:0, spirit:0, wine:0]"},{"country":"Barbados","continent":null,"total_pure_alcohol":"6.3 Litres","servings":"[beer:143, spirit:173, wine:36]"},{"country":"Belarus","continent":"EU","total_pure_alcohol":"14.4 Litres","servings":"[beer:142, spirit:373, wine:42]"},{"country":"Belgium","continent":"EU","total_pure_alcohol":"10.5 Litres","servings":"[beer:295, spirit:84, wine:212]"},{"country":"Belize","continent":null,"total_pure_alcohol":"6.8 Litres","servings":"[beer:263, spirit:114, wine:8]"},{"country":"Benin","continent":"AF","total_pure_alcohol":"1.1 Litres","servings":"[beer:34, spirit:4, wine:13]"},{"country":"Bhutan","continent":"AS","total_pure_alcohol":"0.4 Litres","servings":"[beer:23, spirit:0, wine:0]"},{"country":"Bolivia","continent":"SA","total_pure_alcohol":"3.8 Litres","servings":"[beer:167, spirit:41, wine:8]"},{"country":"Bosnia-Herzegovina","continent":"EU","total_pure_alcohol":"4.6 Litres","servings":"[beer:76, spirit:173, wine:8]"},{"country":"Botswana","continent":"AF","total_pure_alcohol":"5.4 Litres","servings":"[beer:173, spirit:35, wine:35]"},{"country":"Brazil","continent":"SA","total_pure_alcohol":"7.2 Litres","servings":"[beer:245, spirit:145, wine:16]"},{"country":"Brunei","continent":"AS","total_pure_alcohol":"0.6 Litres","servings":"[beer:31, spirit:2, wine:1]"},{"country":"Bulgaria","continent":"EU","total_pure_alcohol":"10.3 Litres","servings":"[beer:231, spirit:252, wine:94]"},{"country":"Burkina Faso","continent":"AF","total_pure_alcohol":"4.3 Litres","servings":"[beer:25, spirit:7, wine:7]"},{"country":"Burundi","continent":"AF","total_pure_alcohol":"6.3 Litres","servings":"[beer:88, spirit:0, wine:0]"},{"country":"Cote d'Ivoire","continent":"AF","total_pure_alcohol":"4.0 Litres","servings":"[beer:37, spirit:1, wine:7]"},{"country":"Cabo Verde","continent":"AF","total_pure_alcohol":"4.0 Litres","servings":"[beer:144, spirit:56, wine:16]"},{"country":"Cambodia","continent":"AS","total_pure_alcohol":"2.2 Litres","servings":"[beer:57, spirit:65, wine:1]"},{"country":"Cameroon","continent":"AF","total_pure_alcohol":"5.8 Litres","servings":"[beer:147, spirit:1, wine:4]"},{"country":"Canada","continent":null,"total_pure_alcohol":"8.2 Litres","servings":"[beer:240, spirit:122, wine:100]"},{"country":"Central African Republic","continent":"AF","total_pure_alcohol":"1.8 Litres","servings":"[beer:17, spirit:2, wine:1]"},{"country":"Chad","continent":"AF","total_pure_alcohol":"0.4 Litres","servings":"[beer:15, spirit:1, wine:1]"},{"country":"Chile","continent":"SA","total_pure_alcohol":"7.6 Litres","servings":"[beer:130, spirit:124, wine:172]"},{"country":"China","continent":"AS","total_pure_alcohol":"5.0 Litres","servings":"[beer:79, spirit:192, wine:8]"},{"country":"Colombia","continent":"SA","total_pure_alcohol":"4.2 Litres","servings":"[beer:159, spirit:76, wine:3]"},{"country":"Comoros","continent":"AF","total_pure_alcohol":"0.1 Litres","servings":"[beer:1, spirit:3, wine:1]"},{"country":"Congo","continent":"AF","total_pure_alcohol":"1.7 Litres","servings":"[beer:76, spirit:1, wine:9]"},{"country":"Cook Islands","continent":"OC","total_pure_alcohol":"5.9 Litres","servings":"[beer:0, spirit:254, wine:74]"},{"country":"Costa Rica","continent":null,"total_pure_alcohol":"4.4 Litres","servings":"[beer:149, spirit:87, wine:11]"},{"country":"Croatia","continent":"EU","total_pure_alcohol":"10.2 Litres","servings":"[beer:230, spirit:87, wine:254]"},{"country":"Cuba","continent":null,"total_pure_alcohol":"4.2 Litres","servings":"[beer:93, spirit:137, wine:5]"},{"country":"Cyprus","continent":"EU","total_pure_alcohol":"8.2 Litres","servings":"[beer:192, spirit:154, wine:113]"},{"country":"Czech Republic","continent":"EU","total_pure_alcohol":"11.8 Litres","servings":"[beer:361, spirit:170, wine:134]"},{"country":"North Korea","continent":"AS","total_pure_alcohol":"0.0 Litres","servings":"[beer:0, spirit:0, wine:0]"},{"country":"DR Congo","continent":"AF","total_pure_alcohol":"2.3 Litres","servings":"[beer:32, spirit:3, wine:1]"},{"country":"Denmark","continent":"EU","total_pure_alcohol":"10.4 Litres","servings":"[beer:224, spirit:81, wine:278]"},{"country":"Djibouti","continent":"AF","total_pure_alcohol":"1.1 Litres","servings":"[beer:15, spirit:44, wine:3]"},{"country":"Dominica","continent":null,"total_pure_alcohol":"6.6 Litres","servings":"[beer:52, spirit:286, wine:26]"},{"country":"Dominican Republic","continent":null,"total_pure_alcohol":"6.2 Litres","servings":"[beer:193, spirit:147, wine:9]"},{"country":"Ecuador","continent":"SA","total_pure_alcohol":"4.2 Litres","servings":"[beer:162, spirit:74, wine:3]"},{"country":"Egypt","continent":"AF","total_pure_alcohol":"0.2 Litres","servings":"[beer:6, spirit:4, wine:1]"},{"country":"El Salvador","continent":null,"total_pure_alcohol":"2.2 Litres","servings":"[beer:52, spirit:69, wine:2]"},{"country":"Equatorial Guinea","continent":"AF","total_pure_alcohol":"5.8 Litres","servings":"[beer:92, spirit:0, wine:233]"},{"country":"Eritrea","continent":"AF","total_pure_alcohol":"0.5 Litres","servings":"[beer:18, spirit:0, wine:0]"},{"country":"Estonia","continent":"EU","total_pure_alcohol":"9.5 Litres","servings":"[beer:224, spirit:194, wine:59]"},{"country":"Ethiopia","continent":"AF","total_pure_alcohol":"0.7 Litres","servings":"[beer:20, spirit:3, wine:0]"},{"country":"Fiji","continent":"OC","total_pure_alcohol":"2.0 Litres","servings":"[beer:77, spirit:35, wine:1]"},{"country":"Finland","continent":"EU","total_pure_alcohol":"10.0 Litres","servings":"[beer:263, spirit:133, wine:97]"},{"country":"France","continent":"EU","total_pure_alcohol":"11.8 Litres","servings":"[beer:127, spirit:151, wine:370]"},{"country":"Gabon","continent":"AF","total_pure_alcohol":"8.9 Litres","servings":"[beer:347, spirit:98, wine:59]"},{"country":"Gambia","continent":"AF","total_pure_alcohol":"2.4 Litres","servings":"[beer:8, spirit:0, wine:1]"},{"country":"Georgia","continent":"EU","total_pure_alcohol":"5.4 Litres","servings":"[beer:52, spirit:100, wine:149]"},{"country":"Germany","continent":"EU","total_pure_alcohol":"11.3 Litres","servings":"[beer:346, spirit:117, wine:175]"},{"country":"Ghana","continent":"AF","total_pure_alcohol":"1.8 Litres","servings":"[beer:31, spirit:3, wine:10]"},{"country":"Greece","continent":"EU","total_pure_alcohol":"8.3 Litres","servings":"[beer:133, spirit:112, wine:218]"},{"country":"Grenada","continent":null,"total_pure_alcohol":"11.9 Litres","servings":"[beer:199, spirit:438, wine:28]"},{"country":"Guatemala","continent":null,"total_pure_alcohol":"2.2 Litres","servings":"[beer:53, spirit:69, wine:2]"},{"country":"Guinea","continent":"AF","total_pure_alcohol":"0.2 Litres","servings":"[beer:9, spirit:0, wine:2]"},{"country":"Guinea-Bissau","continent":"AF","total_pure_alcohol":"2.5 Litres","servings":"[beer:28, spirit:31, wine:21]"},{"country":"Guyana","continent":"SA","total_pure_alcohol":"7.1 Litres","servings":"[beer:93, spirit:302, wine:1]"},{"country":"Haiti","continent":null,"total_pure_alcohol":"5.9 Litres","servings":"[beer:1, spirit:326, wine:1]"},{"country":"Honduras","continent":null,"total_pure_alcohol":"3.0 Litres","servings":"[beer:69, spirit:98, wine:2]"},{"country":"Hungary","continent":"EU","total_pure_alcohol":"11.3 Litres","servings":"[beer:234, spirit:215, wine:185]"},{"country":"Iceland","continent":"EU","total_pure_alcohol":"6.6 Litres","servings":"[beer:233, spirit:61, wine:78]"},{"country":"India","continent":"AS","total_pure_alcohol":"2.2 Litres","servings":"[beer:9, spirit:114, wine:0]"},{"country":"Indonesia","continent":"AS","total_pure_alcohol":"0.1 Litres","servings":"[beer:5, spirit:1, wine:0]"},{"country":"Iran","continent":"AS","total_pure_alcohol":"0.0 Litres","servings":"[beer:0, spirit:0, wine:0]"},{"country":"Iraq","continent":"AS","total_pure_alcohol":"0.2 Litres","servings":"[beer:9, spirit:3, wine:0]"},{"country":"Ireland","continent":"EU","total_pure_alcohol":"11.4 Litres","servings":"[beer:313, spirit:118, wine:165]"},{"country":"Israel","continent":"AS","total_pure_alcohol":"2.5 Litres","servings":"[beer:63, spirit:69, wine:9]"},{"country":"Italy","continent":"EU","total_pure_alcohol":"6.5 Litres","servings":"[beer:85, spirit:42, wine:237]"},{"country":"Jamaica","continent":null,"total_pure_alcohol":"3.4 Litres","servings":"[beer:82, spirit:97, wine:9]"},{"country":"Japan","continent":"AS","total_pure_alcohol":"7.0 Litres","servings":"[beer:77, spirit:202, wine:16]"},{"country":"Jordan","continent":"AS","total_pure_alcohol":"0.5 Litres","servings":"[beer:6, spirit:21, wine:1]"},{"country":"Kazakhstan","continent":"AS","total_pure_alcohol":"6.8 Litres","servings":"[beer:124, spirit:246, wine:12]"},{"country":"Kenya","continent":"AF","total_pure_alcohol":"1.8 Litres","servings":"[beer:58, spirit:22, wine:2]"},{"country":"Kiribati","continent":"OC","total_pure_alcohol":"1.0 Litres","servings":"[beer:21, spirit:34, wine:1]"},{"country":"Kuwait","continent":"AS","total_pure_alcohol":"0.0 Litres","servings":"[beer:0, spirit:0, wine:0]"},{"country":"Kyrgyzstan","continent":"AS","total_pure_alcohol":"2.4 Litres","servings":"[beer:31, spirit:97, wine:6]"},{"country":"Laos","continent":"AS","total_pure_alcohol":"6.2 Litres","servings":"[beer:62, spirit:0, wine:123]"},{"country":"Latvia","continent":"EU","total_pure_alcohol":"10.5 Litres","servings":"[beer:281, spirit:216, wine:62]"},{"country":"Lebanon","continent":"AS","total_pure_alcohol":"1.9 Litres","servings":"[beer:20, spirit:55, wine:31]"},{"country":"Lesotho","continent":"AF","total_pure_alcohol":"2.8 Litres","servings":"[beer:82, spirit:29, wine:0]"},{"country":"Liberia","continent":"AF","total_pure_alcohol":"3.1 Litres","servings":"[beer:19, spirit:152, wine:2]"},{"country":"Libya","continent":"AF","total_pure_alcohol":"0.0 Litres","servings":"[beer:0, spirit:0, wine:0]"},{"country":"Lithuania","continent":"EU","total_pure_alcohol":"12.9 Litres","servings":"[beer:343, spirit:244, wine:56]"},{"country":"Luxembourg","continent":"EU","total_pure_alcohol":"11.4 Litres","servings":"[beer:236, spirit:133, wine:271]"},{"country":"Madagascar","continent":"AF","total_pure_alcohol":"0.8 Litres","servings":"[beer:26, spirit:15, wine:4]"},{"country":"Malawi","continent":"AF","total_pure_alcohol":"1.5 Litres","servings":"[beer:8, spirit:11, wine:1]"},{"country":"Malaysia","continent":"AS","total_pure_alcohol":"0.3 Litres","servings":"[beer:13, spirit:4, wine:0]"},{"country":"Maldives","continent":"AS","total_pure_alcohol":"0.0 Litres","servings":"[beer:0, spirit:0, wine:0]"},{"country":"Mali","continent":"AF","total_pure_alcohol":"0.6 Litres","servings":"[beer:5, spirit:1, wine:1]"},{"country":"Malta","continent":"EU","total_pure_alcohol":"6.6 Litres","servings":"[beer:149, spirit:100, wine:120]"},{"country":"Marshall Islands","continent":"OC","total_pure_alcohol":"0.0 Litres","servings":"[beer:0, spirit:0, wine:0]"},{"country":"Mauritania","continent":"AF","total_pure_alcohol":"0.0 Litres","servings":"[beer:0, spirit:0, wine:0]"},{"country":"Mauritius","continent":"AF","total_pure_alcohol":"2.6 Litres","servings":"[beer:98, spirit:31, wine:18]"},{"country":"Mexico","continent":null,"total_pure_alcohol":"5.5 Litres","servings":"[beer:238, spirit:68, wine:5]"},{"country":"Micronesia","continent":"OC","total_pure_alcohol":"2.3 Litres","servings":"[beer:62, spirit:50, wine:18]"},{"country":"Monaco","continent":"EU","total_pure_alcohol":"0.0 Litres","servings":"[beer:0, spirit:0, wine:0]"},{"country":"Mongolia","continent":"AS","total_pure_alcohol":"4.9 Litres","servings":"[beer:77, spirit:189, wine:8]"},{"country":"Montenegro","continent":"EU","total_pure_alcohol":"4.9 Litres","servings":"[beer:31, spirit:114, wine:128]"},{"country":"Morocco","continent":"AF","total_pure_alcohol":"0.5 Litres","servings":"[beer:12, spirit:6, wine:10]"},{"country":"Mozambique","continent":"AF","total_pure_alcohol":"1.3 Litres","servings":"[beer:47, spirit:18, wine:5]"},{"country":"Myanmar","continent":"AS","total_pure_alcohol":"0.1 Litres","servings":"[beer:5, spirit:1, wine:0]"},{"country":"Namibia","continent":"AF","total_pure_alcohol":"6.8 Litres","servings":"[beer:376, spirit:3, wine:1]"},{"country":"Nauru","continent":"OC","total_pure_alcohol":"1.0 Litres","servings":"[beer:49, spirit:0, wine:8]"},{"country":"Nepal","continent":"AS","total_pure_alcohol":"0.2 Litres","servings":"[beer:5, spirit:6, wine:0]"},{"country":"Netherlands","continent":"EU","total_pure_alcohol":"9.4 Litres","servings":"[beer:251, spirit:88, wine:190]"},{"country":"New Zealand","continent":"OC","total_pure_alcohol":"9.3 Litres","servings":"[beer:203, spirit:79, wine:175]"},{"country":"Nicaragua","continent":null,"total_pure_alcohol":"3.5 Litres","servings":"[beer:78, spirit:118, wine:1]"},{"country":"Niger","continent":"AF","total_pure_alcohol":"0.1 Litres","servings":"[beer:3, spirit:2, wine:1]"},{"country":"Nigeria","continent":"AF","total_pure_alcohol":"9.1 Litres","servings":"[beer:42, spirit:5, wine:2]"},{"country":"Niue","continent":"OC","total_pure_alcohol":"7.0 Litres","servings":"[beer:188, spirit:200, wine:7]"},{"country":"Norway","continent":"EU","total_pure_alcohol":"6.7 Litres","servings":"[beer:169, spirit:71, wine:129]"},{"country":"Oman","continent":"AS","total_pure_alcohol":"0.7 Litres","servings":"[beer:22, spirit:16, wine:1]"},{"country":"Pakistan","continent":"AS","total_pure_alcohol":"0.0 Litres","servings":"[beer:0, spirit:0, wine:0]"},{"country":"Palau","continent":"OC","total_pure_alcohol":"6.9 Litres","servings":"[beer:306, spirit:63, wine:23]"},{"country":"Panama","continent":null,"total_pure_alcohol":"7.2 Litres","servings":"[beer:285, spirit:104, wine:18]"},{"country":"Papua New Guinea","continent":"OC","total_pure_alcohol":"1.5 Litres","servings":"[beer:44, spirit:39, wine:1]"},{"country":"Paraguay","continent":"SA","total_pure_alcohol":"7.3 Litres","servings":"[beer:213, spirit:117, wine:74]"},{"country":"Peru","continent":"SA","total_pure_alcohol":"6.1 Litres","servings":"[beer:163, spirit:160, wine:21]"},{"country":"Philippines","continent":"AS","total_pure_alcohol":"4.6 Litres","servings":"[beer:71, spirit:186, wine:1]"},{"country":"Poland","continent":"EU","total_pure_alcohol":"10.9 Litres","servings":"[beer:343, spirit:215, wine:56]"},{"country":"Portugal","continent":"EU","total_pure_alcohol":"11.0 Litres","servings":"[beer:194, spirit:67, wine:339]"},{"country":"Qatar","continent":"AS","total_pure_alcohol":"0.9 Litres","servings":"[beer:1, spirit:42, wine:7]"},{"country":"South Korea","continent":"AS","total_pure_alcohol":"9.8 Litres","servings":"[beer:140, spirit:16, wine:9]"},{"country":"Moldova","continent":"EU","total_pure_alcohol":"6.3 Litres","servings":"[beer:109, spirit:226, wine:18]"},{"country":"Romania","continent":"EU","total_pure_alcohol":"10.4 Litres","servings":"[beer:297, spirit:122, wine:167]"},{"country":"Russian Federation","continent":"AS","total_pure_alcohol":"11.5 Litres","servings":"[beer:247, spirit:326, wine:73]"},{"country":"Rwanda","continent":"AF","total_pure_alcohol":"6.8 Litres","servings":"[beer:43, spirit:2, wine:0]"},{"country":"St. Kitts & Nevis","continent":null,"total_pure_alcohol":"7.7 Litres","servings":"[beer:194, spirit:205, wine:32]"},{"country":"St. Lucia","continent":null,"total_pure_alcohol":"10.1 Litres","servings":"[beer:171, spirit:315, wine:71]"},{"country":"St. Vincent & the Grenadines","continent":null,"total_pure_alcohol":"6.3 Litres","servings":"[beer:120, spirit:221, wine:11]"},{"country":"Samoa","continent":"OC","total_pure_alcohol":"2.6 Litres","servings":"[beer:105, spirit:18, wine:24]"},{"country":"San Marino","continent":"EU","total_pure_alcohol":"0.0 Litres","servings":"[beer:0, spirit:0, wine:0]"},{"country":"Sao Tome & Principe","continent":"AF","total_pure_alcohol":"4.2 Litres","servings":"[beer:56, spirit:38, wine:140]"},{"country":"Saudi Arabia","continent":"AS","total_pure_alcohol":"0.1 Litres","servings":"[beer:0, spirit:5, wine:0]"},{"country":"Senegal","continent":"AF","total_pure_alcohol":"0.3 Litres","servings":"[beer:9, spirit:1, wine:7]"},{"country":"Serbia","continent":"EU","total_pure_alcohol":"9.6 Litres","servings":"[beer:283, spirit:131, wine:127]"},{"country":"Seychelles","continent":"AF","total_pure_alcohol":"4.1 Litres","servings":"[beer:157, spirit:25, wine:51]"},{"country":"Sierra Leone","continent":"AF","total_pure_alcohol":"6.7 Litres","servings":"[beer:25, spirit:3, wine:2]"},{"country":"Singapore","continent":"AS","total_pure_alcohol":"1.5 Litres","servings":"[beer:60, spirit:12, wine:11]"},{"country":"Slovakia","continent":"EU","total_pure_alcohol":"11.4 Litres","servings":"[beer:196, spirit:293, wine:116]"},{"country":"Slovenia","continent":"EU","total_pure_alcohol":"10.6 Litres","servings":"[beer:270, spirit:51, wine:276]"},{"country":"Solomon Islands","continent":"OC","total_pure_alcohol":"1.2 Litres","servings":"[beer:56, spirit:11, wine:1]"},{"country":"Somalia","continent":"AF","total_pure_alcohol":"0.0 Litres","servings":"[beer:0, spirit:0, wine:0]"},{"country":"South Africa","continent":"AF","total_pure_alcohol":"8.2 Litres","servings":"[beer:225, spirit:76, wine:81]"},{"country":"Spain","continent":"EU","total_pure_alcohol":"10.0 Litres","servings":"[beer:284, spirit:157, wine:112]"},{"country":"Sri Lanka","continent":"AS","total_pure_alcohol":"2.2 Litres","servings":"[beer:16, spirit:104, wine:0]"},{"country":"Sudan","continent":"AF","total_pure_alcohol":"1.7 Litres","servings":"[beer:8, spirit:13, wine:0]"},{"country":"Suriname","continent":"SA","total_pure_alcohol":"5.6 Litres","servings":"[beer:128, spirit:178, wine:7]"},{"country":"Swaziland","continent":"AF","total_pure_alcohol":"4.7 Litres","servings":"[beer:90, spirit:2, wine:2]"},{"country":"Sweden","continent":"EU","total_pure_alcohol":"7.2 Litres","servings":"[beer:152, spirit:60, wine:186]"},{"country":"Switzerland","continent":"EU","total_pure_alcohol":"10.2 Litres","servings":"[beer:185, spirit:100, wine:280]"},{"country":"Syria","continent":"AS","total_pure_alcohol":"1.0 Litres","servings":"[beer:5, spirit:35, wine:16]"},{"country":"Tajikistan","continent":"AS","total_pure_alcohol":"0.3 Litres","servings":"[beer:2, spirit:15, wine:0]"},{"country":"Thailand","continent":"AS","total_pure_alcohol":"6.4 Litres","servings":"[beer:99, spirit:258, wine:1]"},{"country":"Macedonia","continent":"EU","total_pure_alcohol":"3.9 Litres","servings":"[beer:106, spirit:27, wine:86]"},{"country":"Timor-Leste","continent":"AS","total_pure_alcohol":"0.1 Litres","servings":"[beer:1, spirit:1, wine:4]"},{"country":"Togo","continent":"AF","total_pure_alcohol":"1.3 Litres","servings":"[beer:36, spirit:2, wine:19]"},{"country":"Tonga","continent":"OC","total_pure_alcohol":"1.1 Litres","servings":"[beer:36, spirit:21, wine:5]"},{"country":"Trinidad & Tobago","continent":null,"total_pure_alcohol":"6.4 Litres","servings":"[beer:197, spirit:156, wine:7]"},{"country":"Tunisia","continent":"AF","total_pure_alcohol":"1.3 Litres","servings":"[beer:51, spirit:3, wine:20]"},{"country":"Turkey","continent":"AS","total_pure_alcohol":"1.4 Litres","servings":"[beer:51, spirit:22, wine:7]"},{"country":"Turkmenistan","continent":"AS","total_pure_alcohol":"2.2 Litres","servings":"[beer:19, spirit:71, wine:32]"},{"country":"Tuvalu","continent":"OC","total_pure_alcohol":"1.0 Litres","servings":"[beer:6, spirit:41, wine:9]"},{"country":"Uganda","continent":"AF","total_pure_alcohol":"8.3 Litres","servings":"[beer:45, spirit:9, wine:0]"},{"country":"Ukraine","continent":"EU","total_pure_alcohol":"8.9 Litres","servings":"[beer:206, spirit:237, wine:45]"},{"country":"United Arab Emirates","continent":"AS","total_pure_alcohol":"2.8 Litres","servings":"[beer:16, spirit:135, wine:5]"},{"country":"United Kingdom","continent":"EU","total_pure_alcohol":"10.4 Litres","servings":"[beer:219, spirit:126, wine:195]"},{"country":"Tanzania","continent":"AF","total_pure_alcohol":"5.7 Litres","servings":"[beer:36, spirit:6, wine:1]"},{"country":"USA","continent":null,"total_pure_alcohol":"8.7 Litres","servings":"[beer:249, spirit:158, wine:84]"},{"country":"Uruguay","continent":"SA","total_pure_alcohol":"6.6 Litres","servings":"[beer:115, spirit:35, wine:220]"},{"country":"Uzbekistan","continent":"AS","total_pure_alcohol":"2.4 Litres","servings":"[beer:25, spirit:101, wine:8]"},{"country":"Vanuatu","continent":"OC","total_pure_alcohol":"0.9 Litres","servings":"[beer:21, spirit:18, wine:11]"},{"country":"Venezuela","continent":"SA","total_pure_alcohol":"7.7 Litres","servings":"[beer:333, spirit:100, wine:3]"},{"country":"Vietnam","continent":"AS","total_pure_alcohol":"2.0 Litres","servings":"[beer:111, spirit:2, wine:1]"},{"country":"Yemen","continent":"AS","total_pure_alcohol":"0.1 Litres","servings":"[beer:6, spirit:0, wine:0]"},{"country":"Zambia","continent":"AF","total_pure_alcohol":"2.5 Litres","servings":"[beer:32, spirit:19, wine:4]"},{"country":"Zimbabwe","continent":"AF","total_pure_alcohol":"4.7 Litres","servings":"[beer:64, spirit:18, wine:4]"}]